eventID,occurrenceID,scientificName,scientificNameID,scientificNameAuthorship,taxonomicStatus,taxonRank,vernacularName,individualCount,kingdom,phylum,class,order,family,genus,specificEpithet,dateIdentified,identifiedBy,basisOfRecord,occurrenceStatus
IYS2022-002-009,IYS2022-002-009-3R5,Aequorea,urn:lsid:marinespecies.org:taxname:116998,"Péron & Lesueur, 1810",accepted,Genus,Water Jellyfish,NA,Animalia,Cnidaria,Hydrozoa,Leptothecata,Aequoreidae,Aequorea,NA,2022-02-22T00:00:00Z,Tyler Zubkowski,HumanObservation,present
IYS2022-002-017,IYS2022-002-017-3R5,Aequorea,urn:lsid:marinespecies.org:taxname:116998,"Péron & Lesueur, 1810",accepted,Genus,Water Jellyfish,NA,Animalia,Cnidaria,Hydrozoa,Leptothecata,Aequoreidae,Aequorea,NA,2022-02-23T00:00:00Z,Tyler Zubkowski,HumanObservation,present
IYS2022-002-041,IYS2022-002-041-3R5,Aequorea,urn:lsid:marinespecies.org:taxname:116998,"Péron & Lesueur, 1810",accepted,Genus,Water Jellyfish,4,Animalia,Cnidaria,Hydrozoa,Leptothecata,Aequoreidae,Aequorea,NA,2022-02-27T00:00:00Z,Tyler Zubkowski,HumanObservation,present
IYS2022-002-045,IYS2022-002-045-3R5,Aequorea,urn:lsid:marinespecies.org:taxname:116998,"Péron & Lesueur, 1810",accepted,Genus,Water Jellyfish,NA,Animalia,Cnidaria,Hydrozoa,Leptothecata,Aequoreidae,Aequorea,NA,2022-02-27T00:00:00Z,Tyler Zubkowski,HumanObservation,present
IYS2022-002-049,IYS2022-002-049-3R5,Aequorea,urn:lsid:marinespecies.org:taxname:116998,"Péron & Lesueur, 1810",accepted,Genus,Water Jellyfish,NA,Animalia,Cnidaria,Hydrozoa,Leptothecata,Aequoreidae,Aequorea,NA,2022-02-28T00:00:00Z,Tyler Zubkowski,HumanObservation,present
IYS2022-002-050,IYS2022-002-050-3R5,Aequorea,urn:lsid:marinespecies.org:taxname:116998,"Péron & Lesueur, 1810",accepted,Genus,Water Jellyfish,NA,Animalia,Cnidaria,Hydrozoa,Leptothecata,Aequoreidae,Aequorea,NA,2022-02-28T00:00:00Z,Tyler Zubkowski,HumanObservation,present
IYS2022-002-059,IYS2022-002-059-3R5,Aequorea,urn:lsid:marinespecies.org:taxname:116998,"Péron & Lesueur, 1810",accepted,Genus,Water Jellyfish,NA,Animalia,Cnidaria,Hydrozoa,Leptothecata,Aequoreidae,Aequorea,NA,2022-03-01T00:00:00Z,Tyler Zubkowski,HumanObservation,present
IYS2022-002-069,IYS2022-002-069-3R5,Aequorea,urn:lsid:marinespecies.org:taxname:116998,"Péron & Lesueur, 1810",accepted,Genus,Water Jellyfish,NA,Animalia,Cnidaria,Hydrozoa,Leptothecata,Aequoreidae,Aequorea,NA,2022-03-03T00:00:00Z,Tyler Zubkowski,HumanObservation,present
IYS2022-002-073,IYS2022-002-073-3R5,Aequorea,urn:lsid:marinespecies.org:taxname:116998,"Péron & Lesueur, 1810",accepted,Genus,Water Jellyfish,NA,Animalia,Cnidaria,Hydrozoa,Leptothecata,Aequoreidae,Aequorea,NA,2022-03-04T00:00:00Z,Tyler Zubkowski,HumanObservation,present
IYS2022-002-077,IYS2022-002-077-3R5,Aequorea,urn:lsid:marinespecies.org:taxname:116998,"Péron & Lesueur, 1810",accepted,Genus,Water Jellyfish,NA,Animalia,Cnidaria,Hydrozoa,Leptothecata,Aequoreidae,Aequorea,NA,2022-03-04T00:00:00Z,Tyler Zubkowski,HumanObservation,present
IYS2022-002-081,IYS2022-002-081-3R5,Aequorea,urn:lsid:marinespecies.org:taxname:116998,"Péron & Lesueur, 1810",accepted,Genus,Water Jellyfish,NA,Animalia,Cnidaria,Hydrozoa,Leptothecata,Aequoreidae,Aequorea,NA,2022-03-05T00:00:00Z,Tyler Zubkowski,HumanObservation,present
IYS2022-002-085,IYS2022-002-085-3R5,Aequorea,urn:lsid:marinespecies.org:taxname:116998,"Péron & Lesueur, 1810",accepted,Genus,Water Jellyfish,NA,Animalia,Cnidaria,Hydrozoa,Leptothecata,Aequoreidae,Aequorea,NA,2022-03-05T00:00:00Z,Tyler Zubkowski,HumanObservation,present
IYS2022-002-089,IYS2022-002-089-3R5,Aequorea,urn:lsid:marinespecies.org:taxname:116998,"Péron & Lesueur, 1810",accepted,Genus,Water Jellyfish,NA,Animalia,Cnidaria,Hydrozoa,Leptothecata,Aequoreidae,Aequorea,NA,2022-03-06T00:00:00Z,Tyler Zubkowski,HumanObservation,present
IYS2022-002-093,IYS2022-002-093-3R5,Aequorea,urn:lsid:marinespecies.org:taxname:116998,"Péron & Lesueur, 1810",accepted,Genus,Water Jellyfish,NA,Animalia,Cnidaria,Hydrozoa,Leptothecata,Aequoreidae,Aequorea,NA,2022-03-06T00:00:00Z,Tyler Zubkowski,HumanObservation,present
IYS2022-002-097,IYS2022-002-097-3R5,Aequorea,urn:lsid:marinespecies.org:taxname:116998,"Péron & Lesueur, 1810",accepted,Genus,Water Jellyfish,NA,Animalia,Cnidaria,Hydrozoa,Leptothecata,Aequoreidae,Aequorea,NA,2022-03-10T00:00:00Z,Erika Anderson,HumanObservation,present
IYS2022-002-101,IYS2022-002-101-3R5,Aequorea,urn:lsid:marinespecies.org:taxname:116998,"Péron & Lesueur, 1810",accepted,Genus,Water Jellyfish,7,Animalia,Cnidaria,Hydrozoa,Leptothecata,Aequoreidae,Aequorea,NA,2022-03-10T00:00:00Z,Erika Anderson,HumanObservation,present
IYS2022-002-106,IYS2022-002-106-3R5,Aequorea,urn:lsid:marinespecies.org:taxname:116998,"Péron & Lesueur, 1810",accepted,Genus,Water Jellyfish,NA,Animalia,Cnidaria,Hydrozoa,Leptothecata,Aequoreidae,Aequorea,NA,2022-03-11T00:00:00Z,Erika Anderson,HumanObservation,present
IYS2022-002-110,IYS2022-002-110-3R5,Aequorea,urn:lsid:marinespecies.org:taxname:116998,"Péron & Lesueur, 1810",accepted,Genus,Water Jellyfish,NA,Animalia,Cnidaria,Hydrozoa,Leptothecata,Aequoreidae,Aequorea,NA,2022-03-11T00:00:00Z,Erika Anderson,HumanObservation,present
IYS2022-002-114,IYS2022-002-114-3R5,Aequorea,urn:lsid:marinespecies.org:taxname:116998,"Péron & Lesueur, 1810",accepted,Genus,Water Jellyfish,NA,Animalia,Cnidaria,Hydrozoa,Leptothecata,Aequoreidae,Aequorea,NA,2022-03-12T00:00:00Z,Erika Anderson,HumanObservation,present
IYS2022-002-118,IYS2022-002-118-3R5,Aequorea,urn:lsid:marinespecies.org:taxname:116998,"Péron & Lesueur, 1810",accepted,Genus,Water Jellyfish,NA,Animalia,Cnidaria,Hydrozoa,Leptothecata,Aequoreidae,Aequorea,NA,2022-03-12T00:00:00Z,Erika Anderson,HumanObservation,present
IYS2022-002-125,IYS2022-002-125-3R5,Aequorea,urn:lsid:marinespecies.org:taxname:116998,"Péron & Lesueur, 1810",accepted,Genus,Water Jellyfish,NA,Animalia,Cnidaria,Hydrozoa,Leptothecata,Aequoreidae,Aequorea,NA,2022-03-14T00:00:00Z,Erika Anderson,HumanObservation,present
IYS2022-002-134,IYS2022-002-134-3R5,Aequorea,urn:lsid:marinespecies.org:taxname:116998,"Péron & Lesueur, 1810",accepted,Genus,Water Jellyfish,NA,Animalia,Cnidaria,Hydrozoa,Leptothecata,Aequoreidae,Aequorea,NA,2022-03-15T00:00:00Z,Erika Anderson,HumanObservation,present
IYS2022-002-139,IYS2022-002-139-3R5,Aequorea,urn:lsid:marinespecies.org:taxname:116998,"Péron & Lesueur, 1810",accepted,Genus,Water Jellyfish,NA,Animalia,Cnidaria,Hydrozoa,Leptothecata,Aequoreidae,Aequorea,NA,2022-03-15T00:00:00Z,Erika Anderson,HumanObservation,present
IYS2022-002-143,IYS2022-002-143-3R5,Aequorea,urn:lsid:marinespecies.org:taxname:116998,"Péron & Lesueur, 1810",accepted,Genus,Water Jellyfish,NA,Animalia,Cnidaria,Hydrozoa,Leptothecata,Aequoreidae,Aequorea,NA,2022-03-16T00:00:00Z,Erika Anderson,HumanObservation,present
IYS2022-002-148,IYS2022-002-148-3R5,Aequorea,urn:lsid:marinespecies.org:taxname:116998,"Péron & Lesueur, 1810",accepted,Genus,Water Jellyfish,NA,Animalia,Cnidaria,Hydrozoa,Leptothecata,Aequoreidae,Aequorea,NA,2022-03-19T00:00:00Z,Erika Anderson,HumanObservation,present
IYS2022-002-009,IYS2022-002-009-3XU,Hormiphora cucumis,urn:lsid:marinespecies.org:taxname:106382,"(Mertens, 1833)",accepted,Species,Hormiphora Cucumis,39,Animalia,Ctenophora,Tentaculata,Cydippida,Pleurobrachiidae,Hormiphora,cucumis,2022-02-22T00:00:00Z,Tyler Zubkowski,HumanObservation,present
IYS2022-002-013,IYS2022-002-013-3XU,Hormiphora cucumis,urn:lsid:marinespecies.org:taxname:106382,"(Mertens, 1833)",accepted,Species,Hormiphora Cucumis,50,Animalia,Ctenophora,Tentaculata,Cydippida,Pleurobrachiidae,Hormiphora,cucumis,2022-02-22T00:00:00Z,Tyler Zubkowski,HumanObservation,present
IYS2022-002-017,IYS2022-002-017-3XU,Hormiphora cucumis,urn:lsid:marinespecies.org:taxname:106382,"(Mertens, 1833)",accepted,Species,Hormiphora Cucumis,99,Animalia,Ctenophora,Tentaculata,Cydippida,Pleurobrachiidae,Hormiphora,cucumis,2022-02-23T00:00:00Z,Tyler Zubkowski,HumanObservation,present
IYS2022-002-021,IYS2022-002-021-3XU,Hormiphora cucumis,urn:lsid:marinespecies.org:taxname:106382,"(Mertens, 1833)",accepted,Species,Hormiphora Cucumis,16,Animalia,Ctenophora,Tentaculata,Cydippida,Pleurobrachiidae,Hormiphora,cucumis,2022-02-23T00:00:00Z,Tyler Zubkowski,HumanObservation,present
IYS2022-002-037,IYS2022-002-037-3XU,Hormiphora cucumis,urn:lsid:marinespecies.org:taxname:106382,"(Mertens, 1833)",accepted,Species,Hormiphora Cucumis,11,Animalia,Ctenophora,Tentaculata,Cydippida,Pleurobrachiidae,Hormiphora,cucumis,2022-02-26T00:00:00Z,Tyler Zubkowski,HumanObservation,present
IYS2022-002-041,IYS2022-002-041-3XU,Hormiphora cucumis,urn:lsid:marinespecies.org:taxname:106382,"(Mertens, 1833)",accepted,Species,Hormiphora Cucumis,1,Animalia,Ctenophora,Tentaculata,Cydippida,Pleurobrachiidae,Hormiphora,cucumis,2022-02-27T00:00:00Z,Tyler Zubkowski,HumanObservation,present
IYS2022-002-013,IYS2022-002-013-115,Oncorhynchus kisutch,urn:lsid:marinespecies.org:taxname:127184,"(Walbaum, 1792)",accepted,Species,Coho Salmon,1,Animalia,Chordata,Actinopteri,Salmoniformes,Salmonidae,Oncorhynchus,kisutch,2022-02-22T00:00:00Z,Tyler Zubkowski,HumanObservation,present
IYS2022-002-017,IYS2022-002-017-115,Oncorhynchus kisutch,urn:lsid:marinespecies.org:taxname:127184,"(Walbaum, 1792)",accepted,Species,Coho Salmon,1,Animalia,Chordata,Actinopteri,Salmoniformes,Salmonidae,Oncorhynchus,kisutch,2022-02-23T00:00:00Z,Tyler Zubkowski,HumanObservation,present
IYS2022-002-025,IYS2022-002-025-115,Oncorhynchus kisutch,urn:lsid:marinespecies.org:taxname:127184,"(Walbaum, 1792)",accepted,Species,Coho Salmon,4,Animalia,Chordata,Actinopteri,Salmoniformes,Salmonidae,Oncorhynchus,kisutch,2022-02-24T00:00:00Z,Tyler Zubkowski,HumanObservation,present
IYS2022-002-033,IYS2022-002-033-115,Oncorhynchus kisutch,urn:lsid:marinespecies.org:taxname:127184,"(Walbaum, 1792)",accepted,Species,Coho Salmon,2,Animalia,Chordata,Actinopteri,Salmoniformes,Salmonidae,Oncorhynchus,kisutch,2022-02-26T00:00:00Z,Tyler Zubkowski,HumanObservation,present
IYS2022-002-045,IYS2022-002-045-115,Oncorhynchus kisutch,urn:lsid:marinespecies.org:taxname:127184,"(Walbaum, 1792)",accepted,Species,Coho Salmon,2,Animalia,Chordata,Actinopteri,Salmoniformes,Salmonidae,Oncorhynchus,kisutch,2022-02-27T00:00:00Z,Tyler Zubkowski,HumanObservation,present
IYS2022-002-050,IYS2022-002-050-115,Oncorhynchus kisutch,urn:lsid:marinespecies.org:taxname:127184,"(Walbaum, 1792)",accepted,Species,Coho Salmon,3,Animalia,Chordata,Actinopteri,Salmoniformes,Salmonidae,Oncorhynchus,kisutch,2022-02-28T00:00:00Z,Tyler Zubkowski,HumanObservation,present
IYS2022-002-059,IYS2022-002-059-115,Oncorhynchus kisutch,urn:lsid:marinespecies.org:taxname:127184,"(Walbaum, 1792)",accepted,Species,Coho Salmon,1,Animalia,Chordata,Actinopteri,Salmoniformes,Salmonidae,Oncorhynchus,kisutch,2022-03-01T00:00:00Z,Tyler Zubkowski,HumanObservation,present
IYS2022-002-063,IYS2022-002-063-115,Oncorhynchus kisutch,urn:lsid:marinespecies.org:taxname:127184,"(Walbaum, 1792)",accepted,Species,Coho Salmon,2,Animalia,Chordata,Actinopteri,Salmoniformes,Salmonidae,Oncorhynchus,kisutch,2022-03-02T00:00:00Z,Tyler Zubkowski,HumanObservation,present
IYS2022-002-013,IYS2022-002-013-112,Oncorhynchus keta,urn:lsid:marinespecies.org:taxname:127183,"(Walbaum, 1792)",accepted,Species,Chum Salmon,2,Animalia,Chordata,Actinopteri,Salmoniformes,Salmonidae,Oncorhynchus,keta,2022-02-22T00:00:00Z,Tyler Zubkowski,HumanObservation,present
IYS2022-002-017,IYS2022-002-017-112,Oncorhynchus keta,urn:lsid:marinespecies.org:taxname:127183,"(Walbaum, 1792)",accepted,Species,Chum Salmon,1,Animalia,Chordata,Actinopteri,Salmoniformes,Salmonidae,Oncorhynchus,keta,2022-02-23T00:00:00Z,Tyler Zubkowski,HumanObservation,present
IYS2022-002-021,IYS2022-002-021-112,Oncorhynchus keta,urn:lsid:marinespecies.org:taxname:127183,"(Walbaum, 1792)",accepted,Species,Chum Salmon,17,Animalia,Chordata,Actinopteri,Salmoniformes,Salmonidae,Oncorhynchus,keta,2022-02-23T00:00:00Z,Tyler Zubkowski,HumanObservation,present
IYS2022-002-025,IYS2022-002-025-112,Oncorhynchus keta,urn:lsid:marinespecies.org:taxname:127183,"(Walbaum, 1792)",accepted,Species,Chum Salmon,6,Animalia,Chordata,Actinopteri,Salmoniformes,Salmonidae,Oncorhynchus,keta,2022-02-24T00:00:00Z,Tyler Zubkowski,HumanObservation,present
IYS2022-002-029,IYS2022-002-029-112,Oncorhynchus keta,urn:lsid:marinespecies.org:taxname:127183,"(Walbaum, 1792)",accepted,Species,Chum Salmon,9,Animalia,Chordata,Actinopteri,Salmoniformes,Salmonidae,Oncorhynchus,keta,2022-02-24T00:00:00Z,Tyler Zubkowski,HumanObservation,present
IYS2022-002-045,IYS2022-002-045-112,Oncorhynchus keta,urn:lsid:marinespecies.org:taxname:127183,"(Walbaum, 1792)",accepted,Species,Chum Salmon,23,Animalia,Chordata,Actinopteri,Salmoniformes,Salmonidae,Oncorhynchus,keta,2022-02-27T00:00:00Z,Tyler Zubkowski,HumanObservation,present
IYS2022-002-049,IYS2022-002-049-112,Oncorhynchus keta,urn:lsid:marinespecies.org:taxname:127183,"(Walbaum, 1792)",accepted,Species,Chum Salmon,11,Animalia,Chordata,Actinopteri,Salmoniformes,Salmonidae,Oncorhynchus,keta,2022-02-28T00:00:00Z,Tyler Zubkowski,HumanObservation,present
IYS2022-002-050,IYS2022-002-050-112,Oncorhynchus keta,urn:lsid:marinespecies.org:taxname:127183,"(Walbaum, 1792)",accepted,Species,Chum Salmon,1,Animalia,Chordata,Actinopteri,Salmoniformes,Salmonidae,Oncorhynchus,keta,2022-02-28T00:00:00Z,Tyler Zubkowski,HumanObservation,present
IYS2022-002-059,IYS2022-002-059-112,Oncorhynchus keta,urn:lsid:marinespecies.org:taxname:127183,"(Walbaum, 1792)",accepted,Species,Chum Salmon,1,Animalia,Chordata,Actinopteri,Salmoniformes,Salmonidae,Oncorhynchus,keta,2022-03-01T00:00:00Z,Tyler Zubkowski,HumanObservation,present
IYS2022-002-063,IYS2022-002-063-112,Oncorhynchus keta,urn:lsid:marinespecies.org:taxname:127183,"(Walbaum, 1792)",accepted,Species,Chum Salmon,1,Animalia,Chordata,Actinopteri,Salmoniformes,Salmonidae,Oncorhynchus,keta,2022-03-02T00:00:00Z,Tyler Zubkowski,HumanObservation,present
IYS2022-002-073,IYS2022-002-073-112,Oncorhynchus keta,urn:lsid:marinespecies.org:taxname:127183,"(Walbaum, 1792)",accepted,Species,Chum Salmon,3,Animalia,Chordata,Actinopteri,Salmoniformes,Salmonidae,Oncorhynchus,keta,2022-03-04T00:00:00Z,Tyler Zubkowski,HumanObservation,present
IYS2022-002-077,IYS2022-002-077-112,Oncorhynchus keta,urn:lsid:marinespecies.org:taxname:127183,"(Walbaum, 1792)",accepted,Species,Chum Salmon,2,Animalia,Chordata,Actinopteri,Salmoniformes,Salmonidae,Oncorhynchus,keta,2022-03-04T00:00:00Z,Tyler Zubkowski,HumanObservation,present
IYS2022-002-081,IYS2022-002-081-112,Oncorhynchus keta,urn:lsid:marinespecies.org:taxname:127183,"(Walbaum, 1792)",accepted,Species,Chum Salmon,1,Animalia,Chordata,Actinopteri,Salmoniformes,Salmonidae,Oncorhynchus,keta,2022-03-05T00:00:00Z,Tyler Zubkowski,HumanObservation,present
IYS2022-002-101,IYS2022-002-101-112,Oncorhynchus keta,urn:lsid:marinespecies.org:taxname:127183,"(Walbaum, 1792)",accepted,Species,Chum Salmon,1,Animalia,Chordata,Actinopteri,Salmoniformes,Salmonidae,Oncorhynchus,keta,2022-03-10T00:00:00Z,Erika Anderson,HumanObservation,present
IYS2022-002-106,IYS2022-002-106-112,Oncorhynchus keta,urn:lsid:marinespecies.org:taxname:127183,"(Walbaum, 1792)",accepted,Species,Chum Salmon,2,Animalia,Chordata,Actinopteri,Salmoniformes,Salmonidae,Oncorhynchus,keta,2022-03-11T00:00:00Z,Erika Anderson,HumanObservation,present
IYS2022-002-125,IYS2022-002-125-112,Oncorhynchus keta,urn:lsid:marinespecies.org:taxname:127183,"(Walbaum, 1792)",accepted,Species,Chum Salmon,2,Animalia,Chordata,Actinopteri,Salmoniformes,Salmonidae,Oncorhynchus,keta,2022-03-14T00:00:00Z,Erika Anderson,HumanObservation,present
IYS2022-002-143,IYS2022-002-143-112,Oncorhynchus keta,urn:lsid:marinespecies.org:taxname:127183,"(Walbaum, 1792)",accepted,Species,Chum Salmon,1,Animalia,Chordata,Actinopteri,Salmoniformes,Salmonidae,Oncorhynchus,keta,2022-03-16T00:00:00Z,Erika Anderson,HumanObservation,present
IYS2022-002-013,IYS2022-002-013-93J,Abraliopsis felis,urn:lsid:marinespecies.org:taxname:341849,"McGowan & Okutani, 1968",accepted,Species,Abraliopsis Felis,3,Animalia,Mollusca,Cephalopoda,Oegopsida,Enoploteuthidae,Abraliopsis,felis,2022-02-22T00:00:00Z,Tyler Zubkowski,HumanObservation,present
IYS2022-002-025,IYS2022-002-025-93J,Abraliopsis felis,urn:lsid:marinespecies.org:taxname:341849,"McGowan & Okutani, 1968",accepted,Species,Abraliopsis Felis,5,Animalia,Mollusca,Cephalopoda,Oegopsida,Enoploteuthidae,Abraliopsis,felis,2022-02-24T00:00:00Z,Tyler Zubkowski,HumanObservation,present
IYS2022-002-013,IYS2022-002-013-RAB,Euphausiacea,urn:lsid:marinespecies.org:taxname:1128,"Dana, 1852",accepted,Order,Euphausiids,NA,Animalia,Arthropoda,Malacostraca,Euphausiacea,NA,NA,NA,2022-02-22T00:00:00Z,Tyler Zubkowski,HumanObservation,present
IYS2022-002-025,IYS2022-002-025-RAB,Euphausiacea,urn:lsid:marinespecies.org:taxname:1128,"Dana, 1852",accepted,Order,Euphausiids,NA,Animalia,Arthropoda,Malacostraca,Euphausiacea,NA,NA,NA,2022-02-24T00:00:00Z,Tyler Zubkowski,HumanObservation,present
IYS2022-002-059,IYS2022-002-059-RAB,Euphausiacea,urn:lsid:marinespecies.org:taxname:1128,"Dana, 1852",accepted,Order,Euphausiids,NA,Animalia,Arthropoda,Malacostraca,Euphausiacea,NA,NA,NA,2022-03-01T00:00:00Z,Tyler Zubkowski,HumanObservation,present
IYS2022-002-069,IYS2022-002-069-RAB,Euphausiacea,urn:lsid:marinespecies.org:taxname:1128,"Dana, 1852",accepted,Order,Euphausiids,NA,Animalia,Arthropoda,Malacostraca,Euphausiacea,NA,NA,NA,2022-03-03T00:00:00Z,Tyler Zubkowski,HumanObservation,present
IYS2022-002-085,IYS2022-002-085-RAB,Euphausiacea,urn:lsid:marinespecies.org:taxname:1128,"Dana, 1852",accepted,Order,Euphausiids,NA,Animalia,Arthropoda,Malacostraca,Euphausiacea,NA,NA,NA,2022-03-05T00:00:00Z,Tyler Zubkowski,HumanObservation,present
IYS2022-002-093,IYS2022-002-093-RAB,Euphausiacea,urn:lsid:marinespecies.org:taxname:1128,"Dana, 1852",accepted,Order,Euphausiids,NA,Animalia,Arthropoda,Malacostraca,Euphausiacea,NA,NA,NA,2022-03-06T00:00:00Z,Tyler Zubkowski,HumanObservation,present
IYS2022-002-097,IYS2022-002-097-RAB,Euphausiacea,urn:lsid:marinespecies.org:taxname:1128,"Dana, 1852",accepted,Order,Euphausiids,NA,Animalia,Arthropoda,Malacostraca,Euphausiacea,NA,NA,NA,2022-03-10T00:00:00Z,Erika Anderson,HumanObservation,present
IYS2022-002-106,IYS2022-002-106-RAB,Euphausiacea,urn:lsid:marinespecies.org:taxname:1128,"Dana, 1852",accepted,Order,Euphausiids,NA,Animalia,Arthropoda,Malacostraca,Euphausiacea,NA,NA,NA,2022-03-11T00:00:00Z,Erika Anderson,HumanObservation,present
IYS2022-002-118,IYS2022-002-118-RAB,Euphausiacea,urn:lsid:marinespecies.org:taxname:1128,"Dana, 1852",accepted,Order,Euphausiids,NA,Animalia,Arthropoda,Malacostraca,Euphausiacea,NA,NA,NA,2022-03-12T00:00:00Z,Erika Anderson,HumanObservation,present
IYS2022-002-134,IYS2022-002-134-RAB,Euphausiacea,urn:lsid:marinespecies.org:taxname:1128,"Dana, 1852",accepted,Order,Euphausiids,NA,Animalia,Arthropoda,Malacostraca,Euphausiacea,NA,NA,NA,2022-03-15T00:00:00Z,Erika Anderson,HumanObservation,present
IYS2022-002-013,IYS2022-002-013-198,Stenobrachius leucopsarus,urn:lsid:marinespecies.org:taxname:254363,"(Eigenmann & Eigenmann, 1890)",accepted,Species,Northern Lampfish,350,Animalia,Chordata,Actinopteri,Myctophiformes,Myctophidae,Stenobrachius,leucopsarus,2022-02-22T00:00:00Z,Tyler Zubkowski,HumanObservation,present
IYS2022-002-025,IYS2022-002-025-198,Stenobrachius leucopsarus,urn:lsid:marinespecies.org:taxname:254363,"(Eigenmann & Eigenmann, 1890)",accepted,Species,Northern Lampfish,185,Animalia,Chordata,Actinopteri,Myctophiformes,Myctophidae,Stenobrachius,leucopsarus,2022-02-24T00:00:00Z,Tyler Zubkowski,HumanObservation,present
IYS2022-002-037,IYS2022-002-037-198,Stenobrachius leucopsarus,urn:lsid:marinespecies.org:taxname:254363,"(Eigenmann & Eigenmann, 1890)",accepted,Species,Northern Lampfish,92,Animalia,Chordata,Actinopteri,Myctophiformes,Myctophidae,Stenobrachius,leucopsarus,2022-02-26T00:00:00Z,Tyler Zubkowski,HumanObservation,present
IYS2022-002-059,IYS2022-002-059-198,Stenobrachius leucopsarus,urn:lsid:marinespecies.org:taxname:254363,"(Eigenmann & Eigenmann, 1890)",accepted,Species,Northern Lampfish,3025,Animalia,Chordata,Actinopteri,Myctophiformes,Myctophidae,Stenobrachius,leucopsarus,2022-03-01T00:00:00Z,Tyler Zubkowski,HumanObservation,present
IYS2022-002-069,IYS2022-002-069-198,Stenobrachius leucopsarus,urn:lsid:marinespecies.org:taxname:254363,"(Eigenmann & Eigenmann, 1890)",accepted,Species,Northern Lampfish,423,Animalia,Chordata,Actinopteri,Myctophiformes,Myctophidae,Stenobrachius,leucopsarus,2022-03-03T00:00:00Z,Tyler Zubkowski,HumanObservation,present
IYS2022-002-085,IYS2022-002-085-198,Stenobrachius leucopsarus,urn:lsid:marinespecies.org:taxname:254363,"(Eigenmann & Eigenmann, 1890)",accepted,Species,Northern Lampfish,4,Animalia,Chordata,Actinopteri,Myctophiformes,Myctophidae,Stenobrachius,leucopsarus,2022-03-05T00:00:00Z,Tyler Zubkowski,HumanObservation,present
IYS2022-002-093,IYS2022-002-093-198,Stenobrachius leucopsarus,urn:lsid:marinespecies.org:taxname:254363,"(Eigenmann & Eigenmann, 1890)",accepted,Species,Northern Lampfish,24,Animalia,Chordata,Actinopteri,Myctophiformes,Myctophidae,Stenobrachius,leucopsarus,2022-03-06T00:00:00Z,Tyler Zubkowski,HumanObservation,present
IYS2022-002-106,IYS2022-002-106-198,Stenobrachius leucopsarus,urn:lsid:marinespecies.org:taxname:254363,"(Eigenmann & Eigenmann, 1890)",accepted,Species,Northern Lampfish,1,Animalia,Chordata,Actinopteri,Myctophiformes,Myctophidae,Stenobrachius,leucopsarus,2022-03-11T00:00:00Z,Erika Anderson,HumanObservation,present
IYS2022-002-013,IYS2022-002-013-185,Myctophidae,urn:lsid:marinespecies.org:taxname:125498,"Gill, 1893",accepted,Family,Lanternfishes,NA,Animalia,Chordata,Actinopteri,Myctophiformes,Myctophidae,NA,NA,2022-02-22T00:00:00Z,Tyler Zubkowski,HumanObservation,present
IYS2022-002-106,IYS2022-002-106-185,Myctophidae,urn:lsid:marinespecies.org:taxname:125498,"Gill, 1893",accepted,Family,Lanternfishes,20,Animalia,Chordata,Actinopteri,Myctophiformes,Myctophidae,NA,NA,2022-03-11T00:00:00Z,Erika Anderson,HumanObservation,present
IYS2022-002-021,IYS2022-002-021-108,Oncorhynchus gorbuscha,urn:lsid:marinespecies.org:taxname:127182,"(Walbaum, 1792)",accepted,Species,Pink Salmon,18,Animalia,Chordata,Actinopteri,Salmoniformes,Salmonidae,Oncorhynchus,gorbuscha,2022-02-23T00:00:00Z,Tyler Zubkowski,HumanObservation,present
IYS2022-002-041,IYS2022-002-041-108,Oncorhynchus gorbuscha,urn:lsid:marinespecies.org:taxname:127182,"(Walbaum, 1792)",accepted,Species,Pink Salmon,1,Animalia,Chordata,Actinopteri,Salmoniformes,Salmonidae,Oncorhynchus,gorbuscha,2022-02-27T00:00:00Z,Tyler Zubkowski,HumanObservation,present
IYS2022-002-045,IYS2022-002-045-108,Oncorhynchus gorbuscha,urn:lsid:marinespecies.org:taxname:127182,"(Walbaum, 1792)",accepted,Species,Pink Salmon,1,Animalia,Chordata,Actinopteri,Salmoniformes,Salmonidae,Oncorhynchus,gorbuscha,2022-02-27T00:00:00Z,Tyler Zubkowski,HumanObservation,present
IYS2022-002-050,IYS2022-002-050-108,Oncorhynchus gorbuscha,urn:lsid:marinespecies.org:taxname:127182,"(Walbaum, 1792)",accepted,Species,Pink Salmon,9,Animalia,Chordata,Actinopteri,Salmoniformes,Salmonidae,Oncorhynchus,gorbuscha,2022-02-28T00:00:00Z,Tyler Zubkowski,HumanObservation,present
IYS2022-002-089,IYS2022-002-089-108,Oncorhynchus gorbuscha,urn:lsid:marinespecies.org:taxname:127182,"(Walbaum, 1792)",accepted,Species,Pink Salmon,4,Animalia,Chordata,Actinopteri,Salmoniformes,Salmonidae,Oncorhynchus,gorbuscha,2022-03-06T00:00:00Z,Tyler Zubkowski,HumanObservation,present
IYS2022-002-021,IYS2022-002-021-5A3,Aurelia labiata,urn:lsid:marinespecies.org:taxname:287213,"Chamisso & Eysenhardt, 1821",accepted,Species,Moon Jellyfish,NA,Animalia,Cnidaria,Scyphozoa,Semaeostomeae,Ulmaridae,Aurelia,labiata,2022-02-23T00:00:00Z,Tyler Zubkowski,HumanObservation,present
IYS2022-002-025,IYS2022-002-025-5A3,Aurelia labiata,urn:lsid:marinespecies.org:taxname:287213,"Chamisso & Eysenhardt, 1821",accepted,Species,Moon Jellyfish,NA,Animalia,Cnidaria,Scyphozoa,Semaeostomeae,Ulmaridae,Aurelia,labiata,2022-02-24T00:00:00Z,Tyler Zubkowski,HumanObservation,present
IYS2022-002-101,IYS2022-002-101-5A3,Aurelia labiata,urn:lsid:marinespecies.org:taxname:287213,"Chamisso & Eysenhardt, 1821",accepted,Species,Moon Jellyfish,2,Animalia,Cnidaria,Scyphozoa,Semaeostomeae,Ulmaridae,Aurelia,labiata,2022-03-10T00:00:00Z,Erika Anderson,HumanObservation,present
IYS2022-002-106,IYS2022-002-106-5A3,Aurelia labiata,urn:lsid:marinespecies.org:taxname:287213,"Chamisso & Eysenhardt, 1821",accepted,Species,Moon Jellyfish,2,Animalia,Cnidaria,Scyphozoa,Semaeostomeae,Ulmaridae,Aurelia,labiata,2022-03-11T00:00:00Z,Erika Anderson,HumanObservation,present
IYS2022-002-114,IYS2022-002-114-5A3,Aurelia labiata,urn:lsid:marinespecies.org:taxname:287213,"Chamisso & Eysenhardt, 1821",accepted,Species,Moon Jellyfish,2,Animalia,Cnidaria,Scyphozoa,Semaeostomeae,Ulmaridae,Aurelia,labiata,2022-03-12T00:00:00Z,Erika Anderson,HumanObservation,present
IYS2022-002-125,IYS2022-002-125-5A3,Aurelia labiata,urn:lsid:marinespecies.org:taxname:287213,"Chamisso & Eysenhardt, 1821",accepted,Species,Moon Jellyfish,1,Animalia,Cnidaria,Scyphozoa,Semaeostomeae,Ulmaridae,Aurelia,labiata,2022-03-14T00:00:00Z,Erika Anderson,HumanObservation,present
IYS2022-002-139,IYS2022-002-139-5A3,Aurelia labiata,urn:lsid:marinespecies.org:taxname:287213,"Chamisso & Eysenhardt, 1821",accepted,Species,Moon Jellyfish,4,Animalia,Cnidaria,Scyphozoa,Semaeostomeae,Ulmaridae,Aurelia,labiata,2022-03-15T00:00:00Z,Erika Anderson,HumanObservation,present
IYS2022-002-143,IYS2022-002-143-5A3,Aurelia labiata,urn:lsid:marinespecies.org:taxname:287213,"Chamisso & Eysenhardt, 1821",accepted,Species,Moon Jellyfish,3,Animalia,Cnidaria,Scyphozoa,Semaeostomeae,Ulmaridae,Aurelia,labiata,2022-03-16T00:00:00Z,Erika Anderson,HumanObservation,present
IYS2022-002-148,IYS2022-002-148-5A3,Aurelia labiata,urn:lsid:marinespecies.org:taxname:287213,"Chamisso & Eysenhardt, 1821",accepted,Species,Moon Jellyfish,1,Animalia,Cnidaria,Scyphozoa,Semaeostomeae,Ulmaridae,Aurelia,labiata,2022-03-19T00:00:00Z,Erika Anderson,HumanObservation,present
IYS2022-002-025,IYS2022-002-025-96A,Onychoteuthis borealijaponica,urn:lsid:marinespecies.org:taxname:342069,"Okada, 1927",accepted,Species,Boreal Clubhook Squid,1,Animalia,Mollusca,Cephalopoda,Oegopsida,Onychoteuthidae,Onychoteuthis,borealijaponica,2022-02-24T00:00:00Z,Tyler Zubkowski,HumanObservation,present
IYS2022-002-029,IYS2022-002-029-96A,Onychoteuthis borealijaponica,urn:lsid:marinespecies.org:taxname:342069,"Okada, 1927",accepted,Species,Boreal Clubhook Squid,1,Animalia,Mollusca,Cephalopoda,Oegopsida,Onychoteuthidae,Onychoteuthis,borealijaponica,2022-02-24T00:00:00Z,Tyler Zubkowski,HumanObservation,present
IYS2022-002-059,IYS2022-002-059-96A,Onychoteuthis borealijaponica,urn:lsid:marinespecies.org:taxname:342069,"Okada, 1927",accepted,Species,Boreal Clubhook Squid,31,Animalia,Mollusca,Cephalopoda,Oegopsida,Onychoteuthidae,Onychoteuthis,borealijaponica,2022-03-01T00:00:00Z,Tyler Zubkowski,HumanObservation,present
IYS2022-002-085,IYS2022-002-085-96A,Onychoteuthis borealijaponica,urn:lsid:marinespecies.org:taxname:342069,"Okada, 1927",accepted,Species,Boreal Clubhook Squid,4,Animalia,Mollusca,Cephalopoda,Oegopsida,Onychoteuthidae,Onychoteuthis,borealijaponica,2022-03-05T00:00:00Z,Tyler Zubkowski,HumanObservation,present
IYS2022-002-127,IYS2022-002-127-96A,Onychoteuthis borealijaponica,urn:lsid:marinespecies.org:taxname:342069,"Okada, 1927",accepted,Species,Boreal Clubhook Squid,1,Animalia,Mollusca,Cephalopoda,Oegopsida,Onychoteuthidae,Onychoteuthis,borealijaponica,2022-03-14T00:00:00Z,Erika Anderson,HumanObservation,present
IYS2022-002-134,IYS2022-002-134-96A,Onychoteuthis borealijaponica,urn:lsid:marinespecies.org:taxname:342069,"Okada, 1927",accepted,Species,Boreal Clubhook Squid,1,Animalia,Mollusca,Cephalopoda,Oegopsida,Onychoteuthidae,Onychoteuthis,borealijaponica,2022-03-15T00:00:00Z,Erika Anderson,HumanObservation,present
IYS2022-002-025,IYS2022-002-025-95G,Gonatopsis borealis,urn:lsid:marinespecies.org:taxname:342326,"Sasaki, 1923",accepted,Species,Boreopacific Gonate Squid,11,Animalia,Mollusca,Cephalopoda,Oegopsida,Gonatidae,Gonatopsis,borealis,2022-02-24T00:00:00Z,Tyler Zubkowski,HumanObservation,present
IYS2022-002-059,IYS2022-002-059-95G,Gonatopsis borealis,urn:lsid:marinespecies.org:taxname:342326,"Sasaki, 1923",accepted,Species,Boreopacific Gonate Squid,94,Animalia,Mollusca,Cephalopoda,Oegopsida,Gonatidae,Gonatopsis,borealis,2022-03-01T00:00:00Z,Tyler Zubkowski,HumanObservation,present
IYS2022-002-085,IYS2022-002-085-95G,Gonatopsis borealis,urn:lsid:marinespecies.org:taxname:342326,"Sasaki, 1923",accepted,Species,Boreopacific Gonate Squid,6,Animalia,Mollusca,Cephalopoda,Oegopsida,Gonatidae,Gonatopsis,borealis,2022-03-05T00:00:00Z,Tyler Zubkowski,HumanObservation,present
IYS2022-002-093,IYS2022-002-093-95G,Gonatopsis borealis,urn:lsid:marinespecies.org:taxname:342326,"Sasaki, 1923",accepted,Species,Boreopacific Gonate Squid,4,Animalia,Mollusca,Cephalopoda,Oegopsida,Gonatidae,Gonatopsis,borealis,2022-03-06T00:00:00Z,Tyler Zubkowski,HumanObservation,present
IYS2022-002-106,IYS2022-002-106-95G,Gonatopsis borealis,urn:lsid:marinespecies.org:taxname:342326,"Sasaki, 1923",accepted,Species,Boreopacific Gonate Squid,3,Animalia,Mollusca,Cephalopoda,Oegopsida,Gonatidae,Gonatopsis,borealis,2022-03-11T00:00:00Z,Erika Anderson,HumanObservation,present
IYS2022-002-114,IYS2022-002-114-95G,Gonatopsis borealis,urn:lsid:marinespecies.org:taxname:342326,"Sasaki, 1923",accepted,Species,Boreopacific Gonate Squid,1,Animalia,Mollusca,Cephalopoda,Oegopsida,Gonatidae,Gonatopsis,borealis,2022-03-12T00:00:00Z,Erika Anderson,HumanObservation,present
IYS2022-002-125,IYS2022-002-125-95G,Gonatopsis borealis,urn:lsid:marinespecies.org:taxname:342326,"Sasaki, 1923",accepted,Species,Boreopacific Gonate Squid,1,Animalia,Mollusca,Cephalopoda,Oegopsida,Gonatidae,Gonatopsis,borealis,2022-03-14T00:00:00Z,Erika Anderson,HumanObservation,present
IYS2022-002-029,IYS2022-002-029-124,Oncorhynchus tshawytscha,urn:lsid:marinespecies.org:taxname:158075,"(Walbaum, 1792)",accepted,Species,Chinook Salmon,1,Animalia,Chordata,Actinopteri,Salmoniformes,Salmonidae,Oncorhynchus,tshawytscha,2022-02-24T00:00:00Z,Tyler Zubkowski,HumanObservation,present
IYS2022-002-063,IYS2022-002-063-124,Oncorhynchus tshawytscha,urn:lsid:marinespecies.org:taxname:158075,"(Walbaum, 1792)",accepted,Species,Chinook Salmon,2,Animalia,Chordata,Actinopteri,Salmoniformes,Salmonidae,Oncorhynchus,tshawytscha,2022-03-02T00:00:00Z,Tyler Zubkowski,HumanObservation,present
IYS2022-002-089,IYS2022-002-089-124,Oncorhynchus tshawytscha,urn:lsid:marinespecies.org:taxname:158075,"(Walbaum, 1792)",accepted,Species,Chinook Salmon,1,Animalia,Chordata,Actinopteri,Salmoniformes,Salmonidae,Oncorhynchus,tshawytscha,2022-03-06T00:00:00Z,Tyler Zubkowski,HumanObservation,present
IYS2022-002-029,IYS2022-002-029-3G0,Scyphozoa,urn:lsid:marinespecies.org:taxname:135220,"Goette, 1887",accepted,Class,Jellyfish,NA,Animalia,Cnidaria,Scyphozoa,NA,NA,NA,NA,2022-02-24T00:00:00Z,Tyler Zubkowski,HumanObservation,present
IYS2022-002-033,IYS2022-002-033-3G0,Scyphozoa,urn:lsid:marinespecies.org:taxname:135220,"Goette, 1887",accepted,Class,Jellyfish,NA,Animalia,Cnidaria,Scyphozoa,NA,NA,NA,NA,2022-02-26T00:00:00Z,Tyler Zubkowski,HumanObservation,present
IYS2022-002-037,IYS2022-002-037-3G0,Scyphozoa,urn:lsid:marinespecies.org:taxname:135220,"Goette, 1887",accepted,Class,Jellyfish,NA,Animalia,Cnidaria,Scyphozoa,NA,NA,NA,NA,2022-02-26T00:00:00Z,Tyler Zubkowski,HumanObservation,present
IYS2022-002-041,IYS2022-002-041-3G0,Scyphozoa,urn:lsid:marinespecies.org:taxname:135220,"Goette, 1887",accepted,Class,Jellyfish,NA,Animalia,Cnidaria,Scyphozoa,NA,NA,NA,NA,2022-02-27T00:00:00Z,Tyler Zubkowski,HumanObservation,present
IYS2022-002-045,IYS2022-002-045-3G0,Scyphozoa,urn:lsid:marinespecies.org:taxname:135220,"Goette, 1887",accepted,Class,Jellyfish,NA,Animalia,Cnidaria,Scyphozoa,NA,NA,NA,NA,2022-02-27T00:00:00Z,Tyler Zubkowski,HumanObservation,present
IYS2022-002-054,IYS2022-002-054-3G0,Scyphozoa,urn:lsid:marinespecies.org:taxname:135220,"Goette, 1887",accepted,Class,Jellyfish,NA,Animalia,Cnidaria,Scyphozoa,NA,NA,NA,NA,2022-03-01T00:00:00Z,Tyler Zubkowski,HumanObservation,present
IYS2022-002-063,IYS2022-002-063-3G0,Scyphozoa,urn:lsid:marinespecies.org:taxname:135220,"Goette, 1887",accepted,Class,Jellyfish,NA,Animalia,Cnidaria,Scyphozoa,NA,NA,NA,NA,2022-03-02T00:00:00Z,Tyler Zubkowski,HumanObservation,present
IYS2022-002-069,IYS2022-002-069-3G0,Scyphozoa,urn:lsid:marinespecies.org:taxname:135220,"Goette, 1887",accepted,Class,Jellyfish,NA,Animalia,Cnidaria,Scyphozoa,NA,NA,NA,NA,2022-03-03T00:00:00Z,Tyler Zubkowski,HumanObservation,present
IYS2022-002-114,IYS2022-002-114-3G0,Scyphozoa,urn:lsid:marinespecies.org:taxname:135220,"Goette, 1887",accepted,Class,Jellyfish,NA,Animalia,Cnidaria,Scyphozoa,NA,NA,NA,NA,2022-03-12T00:00:00Z,Erika Anderson,HumanObservation,present
IYS2022-002-125,IYS2022-002-125-3G0,Scyphozoa,urn:lsid:marinespecies.org:taxname:135220,"Goette, 1887",accepted,Class,Jellyfish,NA,Animalia,Cnidaria,Scyphozoa,NA,NA,NA,NA,2022-03-14T00:00:00Z,Erika Anderson,HumanObservation,present
IYS2022-002-033,IYS2022-002-033-118,Oncorhynchus nerka,urn:lsid:marinespecies.org:taxname:254569,"(Walbaum, 1792)",accepted,Species,Sockeye Salmon,1,Animalia,Chordata,Actinopteri,Salmoniformes,Salmonidae,Oncorhynchus,nerka,2022-02-26T00:00:00Z,Tyler Zubkowski,HumanObservation,present
IYS2022-002-037,IYS2022-002-037-118,Oncorhynchus nerka,urn:lsid:marinespecies.org:taxname:254569,"(Walbaum, 1792)",accepted,Species,Sockeye Salmon,7,Animalia,Chordata,Actinopteri,Salmoniformes,Salmonidae,Oncorhynchus,nerka,2022-02-26T00:00:00Z,Tyler Zubkowski,HumanObservation,present
IYS2022-002-041,IYS2022-002-041-118,Oncorhynchus nerka,urn:lsid:marinespecies.org:taxname:254569,"(Walbaum, 1792)",accepted,Species,Sockeye Salmon,5,Animalia,Chordata,Actinopteri,Salmoniformes,Salmonidae,Oncorhynchus,nerka,2022-02-27T00:00:00Z,Tyler Zubkowski,HumanObservation,present
IYS2022-002-045,IYS2022-002-045-118,Oncorhynchus nerka,urn:lsid:marinespecies.org:taxname:254569,"(Walbaum, 1792)",accepted,Species,Sockeye Salmon,5,Animalia,Chordata,Actinopteri,Salmoniformes,Salmonidae,Oncorhynchus,nerka,2022-02-27T00:00:00Z,Tyler Zubkowski,HumanObservation,present
IYS2022-002-049,IYS2022-002-049-118,Oncorhynchus nerka,urn:lsid:marinespecies.org:taxname:254569,"(Walbaum, 1792)",accepted,Species,Sockeye Salmon,2,Animalia,Chordata,Actinopteri,Salmoniformes,Salmonidae,Oncorhynchus,nerka,2022-02-28T00:00:00Z,Tyler Zubkowski,HumanObservation,present
IYS2022-002-063,IYS2022-002-063-118,Oncorhynchus nerka,urn:lsid:marinespecies.org:taxname:254569,"(Walbaum, 1792)",accepted,Species,Sockeye Salmon,1,Animalia,Chordata,Actinopteri,Salmoniformes,Salmonidae,Oncorhynchus,nerka,2022-03-02T00:00:00Z,Tyler Zubkowski,HumanObservation,present
IYS2022-002-069,IYS2022-002-069-118,Oncorhynchus nerka,urn:lsid:marinespecies.org:taxname:254569,"(Walbaum, 1792)",accepted,Species,Sockeye Salmon,25,Animalia,Chordata,Actinopteri,Salmoniformes,Salmonidae,Oncorhynchus,nerka,2022-03-03T00:00:00Z,Tyler Zubkowski,HumanObservation,present
IYS2022-002-073,IYS2022-002-073-118,Oncorhynchus nerka,urn:lsid:marinespecies.org:taxname:254569,"(Walbaum, 1792)",accepted,Species,Sockeye Salmon,7,Animalia,Chordata,Actinopteri,Salmoniformes,Salmonidae,Oncorhynchus,nerka,2022-03-04T00:00:00Z,Tyler Zubkowski,HumanObservation,present
IYS2022-002-077,IYS2022-002-077-118,Oncorhynchus nerka,urn:lsid:marinespecies.org:taxname:254569,"(Walbaum, 1792)",accepted,Species,Sockeye Salmon,2,Animalia,Chordata,Actinopteri,Salmoniformes,Salmonidae,Oncorhynchus,nerka,2022-03-04T00:00:00Z,Tyler Zubkowski,HumanObservation,present
IYS2022-002-081,IYS2022-002-081-118,Oncorhynchus nerka,urn:lsid:marinespecies.org:taxname:254569,"(Walbaum, 1792)",accepted,Species,Sockeye Salmon,1,Animalia,Chordata,Actinopteri,Salmoniformes,Salmonidae,Oncorhynchus,nerka,2022-03-05T00:00:00Z,Tyler Zubkowski,HumanObservation,present
IYS2022-002-085,IYS2022-002-085-118,Oncorhynchus nerka,urn:lsid:marinespecies.org:taxname:254569,"(Walbaum, 1792)",accepted,Species,Sockeye Salmon,6,Animalia,Chordata,Actinopteri,Salmoniformes,Salmonidae,Oncorhynchus,nerka,2022-03-05T00:00:00Z,Tyler Zubkowski,HumanObservation,present
IYS2022-002-089,IYS2022-002-089-118,Oncorhynchus nerka,urn:lsid:marinespecies.org:taxname:254569,"(Walbaum, 1792)",accepted,Species,Sockeye Salmon,1,Animalia,Chordata,Actinopteri,Salmoniformes,Salmonidae,Oncorhynchus,nerka,2022-03-06T00:00:00Z,Tyler Zubkowski,HumanObservation,present
IYS2022-002-097,IYS2022-002-097-118,Oncorhynchus nerka,urn:lsid:marinespecies.org:taxname:254569,"(Walbaum, 1792)",accepted,Species,Sockeye Salmon,1,Animalia,Chordata,Actinopteri,Salmoniformes,Salmonidae,Oncorhynchus,nerka,2022-03-10T00:00:00Z,Erika Anderson,HumanObservation,present
IYS2022-002-106,IYS2022-002-106-118,Oncorhynchus nerka,urn:lsid:marinespecies.org:taxname:254569,"(Walbaum, 1792)",accepted,Species,Sockeye Salmon,3,Animalia,Chordata,Actinopteri,Salmoniformes,Salmonidae,Oncorhynchus,nerka,2022-03-11T00:00:00Z,Erika Anderson,HumanObservation,present
IYS2022-002-114,IYS2022-002-114-118,Oncorhynchus nerka,urn:lsid:marinespecies.org:taxname:254569,"(Walbaum, 1792)",accepted,Species,Sockeye Salmon,2,Animalia,Chordata,Actinopteri,Salmoniformes,Salmonidae,Oncorhynchus,nerka,2022-03-12T00:00:00Z,Erika Anderson,HumanObservation,present
IYS2022-002-118,IYS2022-002-118-118,Oncorhynchus nerka,urn:lsid:marinespecies.org:taxname:254569,"(Walbaum, 1792)",accepted,Species,Sockeye Salmon,1,Animalia,Chordata,Actinopteri,Salmoniformes,Salmonidae,Oncorhynchus,nerka,2022-03-12T00:00:00Z,Erika Anderson,HumanObservation,present
IYS2022-002-134,IYS2022-002-134-118,Oncorhynchus nerka,urn:lsid:marinespecies.org:taxname:254569,"(Walbaum, 1792)",accepted,Species,Sockeye Salmon,5,Animalia,Chordata,Actinopteri,Salmoniformes,Salmonidae,Oncorhynchus,nerka,2022-03-15T00:00:00Z,Erika Anderson,HumanObservation,present
IYS2022-002-139,IYS2022-002-139-118,Oncorhynchus nerka,urn:lsid:marinespecies.org:taxname:254569,"(Walbaum, 1792)",accepted,Species,Sockeye Salmon,1,Animalia,Chordata,Actinopteri,Salmoniformes,Salmonidae,Oncorhynchus,nerka,2022-03-15T00:00:00Z,Erika Anderson,HumanObservation,present
IYS2022-002-143,IYS2022-002-143-118,Oncorhynchus nerka,urn:lsid:marinespecies.org:taxname:254569,"(Walbaum, 1792)",accepted,Species,Sockeye Salmon,8,Animalia,Chordata,Actinopteri,Salmoniformes,Salmonidae,Oncorhynchus,nerka,2022-03-16T00:00:00Z,Erika Anderson,HumanObservation,present
IYS2022-002-033,IYS2022-002-033-4ZJ,Chrysaora melanaster,urn:lsid:marinespecies.org:taxname:287209,"Brandt, 1835",accepted,Species,Northern Sea Nettle,1,Animalia,Cnidaria,Scyphozoa,Semaeostomeae,Pelagiidae,Chrysaora,melanaster,2022-02-26T00:00:00Z,Tyler Zubkowski,HumanObservation,present
IYS2022-002-037,IYS2022-002-037-4ZJ,Chrysaora melanaster,urn:lsid:marinespecies.org:taxname:287209,"Brandt, 1835",accepted,Species,Northern Sea Nettle,2,Animalia,Cnidaria,Scyphozoa,Semaeostomeae,Pelagiidae,Chrysaora,melanaster,2022-02-26T00:00:00Z,Tyler Zubkowski,HumanObservation,present
IYS2022-002-041,IYS2022-002-041-4ZJ,Chrysaora melanaster,urn:lsid:marinespecies.org:taxname:287209,"Brandt, 1835",accepted,Species,Northern Sea Nettle,3,Animalia,Cnidaria,Scyphozoa,Semaeostomeae,Pelagiidae,Chrysaora,melanaster,2022-02-27T00:00:00Z,Tyler Zubkowski,HumanObservation,present
IYS2022-002-045,IYS2022-002-045-4ZJ,Chrysaora melanaster,urn:lsid:marinespecies.org:taxname:287209,"Brandt, 1835",accepted,Species,Northern Sea Nettle,49,Animalia,Cnidaria,Scyphozoa,Semaeostomeae,Pelagiidae,Chrysaora,melanaster,2022-02-27T00:00:00Z,Tyler Zubkowski,HumanObservation,present
IYS2022-002-069,IYS2022-002-069-4ZJ,Chrysaora melanaster,urn:lsid:marinespecies.org:taxname:287209,"Brandt, 1835",accepted,Species,Northern Sea Nettle,44,Animalia,Cnidaria,Scyphozoa,Semaeostomeae,Pelagiidae,Chrysaora,melanaster,2022-03-03T00:00:00Z,Tyler Zubkowski,HumanObservation,present
IYS2022-002-077,IYS2022-002-077-4ZJ,Chrysaora melanaster,urn:lsid:marinespecies.org:taxname:287209,"Brandt, 1835",accepted,Species,Northern Sea Nettle,94,Animalia,Cnidaria,Scyphozoa,Semaeostomeae,Pelagiidae,Chrysaora,melanaster,2022-03-04T00:00:00Z,Tyler Zubkowski,HumanObservation,present
IYS2022-002-085,IYS2022-002-085-4ZJ,Chrysaora melanaster,urn:lsid:marinespecies.org:taxname:287209,"Brandt, 1835",accepted,Species,Northern Sea Nettle,17,Animalia,Cnidaria,Scyphozoa,Semaeostomeae,Pelagiidae,Chrysaora,melanaster,2022-03-05T00:00:00Z,Tyler Zubkowski,HumanObservation,present
IYS2022-002-089,IYS2022-002-089-4ZJ,Chrysaora melanaster,urn:lsid:marinespecies.org:taxname:287209,"Brandt, 1835",accepted,Species,Northern Sea Nettle,2,Animalia,Cnidaria,Scyphozoa,Semaeostomeae,Pelagiidae,Chrysaora,melanaster,2022-03-06T00:00:00Z,Tyler Zubkowski,HumanObservation,present
IYS2022-002-097,IYS2022-002-097-4ZJ,Chrysaora melanaster,urn:lsid:marinespecies.org:taxname:287209,"Brandt, 1835",accepted,Species,Northern Sea Nettle,5,Animalia,Cnidaria,Scyphozoa,Semaeostomeae,Pelagiidae,Chrysaora,melanaster,2022-03-10T00:00:00Z,Erika Anderson,HumanObservation,present
IYS2022-002-101,IYS2022-002-101-4ZJ,Chrysaora melanaster,urn:lsid:marinespecies.org:taxname:287209,"Brandt, 1835",accepted,Species,Northern Sea Nettle,12,Animalia,Cnidaria,Scyphozoa,Semaeostomeae,Pelagiidae,Chrysaora,melanaster,2022-03-10T00:00:00Z,Erika Anderson,HumanObservation,present
IYS2022-002-106,IYS2022-002-106-4ZJ,Chrysaora melanaster,urn:lsid:marinespecies.org:taxname:287209,"Brandt, 1835",accepted,Species,Northern Sea Nettle,27,Animalia,Cnidaria,Scyphozoa,Semaeostomeae,Pelagiidae,Chrysaora,melanaster,2022-03-11T00:00:00Z,Erika Anderson,HumanObservation,present
IYS2022-002-110,IYS2022-002-110-4ZJ,Chrysaora melanaster,urn:lsid:marinespecies.org:taxname:287209,"Brandt, 1835",accepted,Species,Northern Sea Nettle,7,Animalia,Cnidaria,Scyphozoa,Semaeostomeae,Pelagiidae,Chrysaora,melanaster,2022-03-11T00:00:00Z,Erika Anderson,HumanObservation,present
IYS2022-002-114,IYS2022-002-114-4ZJ,Chrysaora melanaster,urn:lsid:marinespecies.org:taxname:287209,"Brandt, 1835",accepted,Species,Northern Sea Nettle,4,Animalia,Cnidaria,Scyphozoa,Semaeostomeae,Pelagiidae,Chrysaora,melanaster,2022-03-12T00:00:00Z,Erika Anderson,HumanObservation,present
IYS2022-002-118,IYS2022-002-118-4ZJ,Chrysaora melanaster,urn:lsid:marinespecies.org:taxname:287209,"Brandt, 1835",accepted,Species,Northern Sea Nettle,5,Animalia,Cnidaria,Scyphozoa,Semaeostomeae,Pelagiidae,Chrysaora,melanaster,2022-03-12T00:00:00Z,Erika Anderson,HumanObservation,present
IYS2022-002-125,IYS2022-002-125-4ZJ,Chrysaora melanaster,urn:lsid:marinespecies.org:taxname:287209,"Brandt, 1835",accepted,Species,Northern Sea Nettle,24,Animalia,Cnidaria,Scyphozoa,Semaeostomeae,Pelagiidae,Chrysaora,melanaster,2022-03-14T00:00:00Z,Erika Anderson,HumanObservation,present
IYS2022-002-134,IYS2022-002-134-4ZJ,Chrysaora melanaster,urn:lsid:marinespecies.org:taxname:287209,"Brandt, 1835",accepted,Species,Northern Sea Nettle,2,Animalia,Cnidaria,Scyphozoa,Semaeostomeae,Pelagiidae,Chrysaora,melanaster,2022-03-15T00:00:00Z,Erika Anderson,HumanObservation,present
IYS2022-002-139,IYS2022-002-139-4ZJ,Chrysaora melanaster,urn:lsid:marinespecies.org:taxname:287209,"Brandt, 1835",accepted,Species,Northern Sea Nettle,3,Animalia,Cnidaria,Scyphozoa,Semaeostomeae,Pelagiidae,Chrysaora,melanaster,2022-03-15T00:00:00Z,Erika Anderson,HumanObservation,present
IYS2022-002-143,IYS2022-002-143-4ZJ,Chrysaora melanaster,urn:lsid:marinespecies.org:taxname:287209,"Brandt, 1835",accepted,Species,Northern Sea Nettle,10,Animalia,Cnidaria,Scyphozoa,Semaeostomeae,Pelagiidae,Chrysaora,melanaster,2022-03-16T00:00:00Z,Erika Anderson,HumanObservation,present
IYS2022-002-037,IYS2022-002-037-426,Sebastes melanops,urn:lsid:marinespecies.org:taxname:274817,"Girard, 1856",accepted,Species,Black Rockfish,1,Animalia,Chordata,Actinopteri,Perciformes,Sebastidae,Sebastes,melanops,2022-02-26T00:00:00Z,Tyler Zubkowski,HumanObservation,present
IYS2022-002-037,IYS2022-002-037-95C,Berryteuthis anonychus,urn:lsid:marinespecies.org:taxname:342285,"(Pearcy & Voss, 1963)",superseded combination,Species,Smallfin Gonate Squid,634,Animalia,Mollusca,Cephalopoda,Oegopsida,Gonatidae,Berryteuthis,anonychus,2022-02-26T00:00:00Z,Tyler Zubkowski,HumanObservation,present
IYS2022-002-045,IYS2022-002-045-95C,Berryteuthis anonychus,urn:lsid:marinespecies.org:taxname:342285,"(Pearcy & Voss, 1963)",superseded combination,Species,Smallfin Gonate Squid,153,Animalia,Mollusca,Cephalopoda,Oegopsida,Gonatidae,Berryteuthis,anonychus,2022-02-27T00:00:00Z,Tyler Zubkowski,HumanObservation,present
IYS2022-002-050,IYS2022-002-050-95C,Berryteuthis anonychus,urn:lsid:marinespecies.org:taxname:342285,"(Pearcy & Voss, 1963)",superseded combination,Species,Smallfin Gonate Squid,26,Animalia,Mollusca,Cephalopoda,Oegopsida,Gonatidae,Berryteuthis,anonychus,2022-02-28T00:00:00Z,Tyler Zubkowski,HumanObservation,present
IYS2022-002-093,IYS2022-002-093-95C,Berryteuthis anonychus,urn:lsid:marinespecies.org:taxname:342285,"(Pearcy & Voss, 1963)",superseded combination,Species,Smallfin Gonate Squid,10,Animalia,Mollusca,Cephalopoda,Oegopsida,Gonatidae,Berryteuthis,anonychus,2022-03-06T00:00:00Z,Tyler Zubkowski,HumanObservation,present
IYS2022-002-101,IYS2022-002-101-95C,Berryteuthis anonychus,urn:lsid:marinespecies.org:taxname:342285,"(Pearcy & Voss, 1963)",superseded combination,Species,Smallfin Gonate Squid,2,Animalia,Mollusca,Cephalopoda,Oegopsida,Gonatidae,Berryteuthis,anonychus,2022-03-10T00:00:00Z,Erika Anderson,HumanObservation,present
IYS2022-002-118,IYS2022-002-118-95C,Berryteuthis anonychus,urn:lsid:marinespecies.org:taxname:342285,"(Pearcy & Voss, 1963)",superseded combination,Species,Smallfin Gonate Squid,5,Animalia,Mollusca,Cephalopoda,Oegopsida,Gonatidae,Berryteuthis,anonychus,2022-03-12T00:00:00Z,Erika Anderson,HumanObservation,present
IYS2022-002-045,IYS2022-002-045-5A7,Phacellophora camtschatica,urn:lsid:marinespecies.org:taxname:135309,"Brandt, 1835",accepted,Species,Fried Egg Jellyfish,3,Animalia,Cnidaria,Scyphozoa,Semaeostomeae,Phacellophoridae,Phacellophora,camtschatica,2022-02-27T00:00:00Z,Tyler Zubkowski,HumanObservation,present
IYS2022-002-069,IYS2022-002-069-5A7,Phacellophora camtschatica,urn:lsid:marinespecies.org:taxname:135309,"Brandt, 1835",accepted,Species,Fried Egg Jellyfish,16,Animalia,Cnidaria,Scyphozoa,Semaeostomeae,Phacellophoridae,Phacellophora,camtschatica,2022-03-03T00:00:00Z,Tyler Zubkowski,HumanObservation,present
IYS2022-002-073,IYS2022-002-073-5A7,Phacellophora camtschatica,urn:lsid:marinespecies.org:taxname:135309,"Brandt, 1835",accepted,Species,Fried Egg Jellyfish,2,Animalia,Cnidaria,Scyphozoa,Semaeostomeae,Phacellophoridae,Phacellophora,camtschatica,2022-03-04T00:00:00Z,Tyler Zubkowski,HumanObservation,present
IYS2022-002-077,IYS2022-002-077-5A7,Phacellophora camtschatica,urn:lsid:marinespecies.org:taxname:135309,"Brandt, 1835",accepted,Species,Fried Egg Jellyfish,5,Animalia,Cnidaria,Scyphozoa,Semaeostomeae,Phacellophoridae,Phacellophora,camtschatica,2022-03-04T00:00:00Z,Tyler Zubkowski,HumanObservation,present
IYS2022-002-085,IYS2022-002-085-5A7,Phacellophora camtschatica,urn:lsid:marinespecies.org:taxname:135309,"Brandt, 1835",accepted,Species,Fried Egg Jellyfish,2,Animalia,Cnidaria,Scyphozoa,Semaeostomeae,Phacellophoridae,Phacellophora,camtschatica,2022-03-05T00:00:00Z,Tyler Zubkowski,HumanObservation,present
IYS2022-002-101,IYS2022-002-101-5A7,Phacellophora camtschatica,urn:lsid:marinespecies.org:taxname:135309,"Brandt, 1835",accepted,Species,Fried Egg Jellyfish,2,Animalia,Cnidaria,Scyphozoa,Semaeostomeae,Phacellophoridae,Phacellophora,camtschatica,2022-03-10T00:00:00Z,Erika Anderson,HumanObservation,present
IYS2022-002-106,IYS2022-002-106-5A7,Phacellophora camtschatica,urn:lsid:marinespecies.org:taxname:135309,"Brandt, 1835",accepted,Species,Fried Egg Jellyfish,4,Animalia,Cnidaria,Scyphozoa,Semaeostomeae,Phacellophoridae,Phacellophora,camtschatica,2022-03-11T00:00:00Z,Erika Anderson,HumanObservation,present
IYS2022-002-110,IYS2022-002-110-5A7,Phacellophora camtschatica,urn:lsid:marinespecies.org:taxname:135309,"Brandt, 1835",accepted,Species,Fried Egg Jellyfish,1,Animalia,Cnidaria,Scyphozoa,Semaeostomeae,Phacellophoridae,Phacellophora,camtschatica,2022-03-11T00:00:00Z,Erika Anderson,HumanObservation,present
IYS2022-002-118,IYS2022-002-118-5A7,Phacellophora camtschatica,urn:lsid:marinespecies.org:taxname:135309,"Brandt, 1835",accepted,Species,Fried Egg Jellyfish,12,Animalia,Cnidaria,Scyphozoa,Semaeostomeae,Phacellophoridae,Phacellophora,camtschatica,2022-03-12T00:00:00Z,Erika Anderson,HumanObservation,present
IYS2022-002-127,IYS2022-002-127-5A7,Phacellophora camtschatica,urn:lsid:marinespecies.org:taxname:135309,"Brandt, 1835",accepted,Species,Fried Egg Jellyfish,NA,Animalia,Cnidaria,Scyphozoa,Semaeostomeae,Phacellophoridae,Phacellophora,camtschatica,2022-03-14T00:00:00Z,Erika Anderson,HumanObservation,present
IYS2022-002-134,IYS2022-002-134-5A7,Phacellophora camtschatica,urn:lsid:marinespecies.org:taxname:135309,"Brandt, 1835",accepted,Species,Fried Egg Jellyfish,9,Animalia,Cnidaria,Scyphozoa,Semaeostomeae,Phacellophoridae,Phacellophora,camtschatica,2022-03-15T00:00:00Z,Erika Anderson,HumanObservation,present
IYS2022-002-139,IYS2022-002-139-5A7,Phacellophora camtschatica,urn:lsid:marinespecies.org:taxname:135309,"Brandt, 1835",accepted,Species,Fried Egg Jellyfish,NA,Animalia,Cnidaria,Scyphozoa,Semaeostomeae,Phacellophoridae,Phacellophora,camtschatica,2022-03-15T00:00:00Z,Erika Anderson,HumanObservation,present
IYS2022-002-143,IYS2022-002-143-5A7,Phacellophora camtschatica,urn:lsid:marinespecies.org:taxname:135309,"Brandt, 1835",accepted,Species,Fried Egg Jellyfish,2,Animalia,Cnidaria,Scyphozoa,Semaeostomeae,Phacellophoridae,Phacellophora,camtschatica,2022-03-16T00:00:00Z,Erika Anderson,HumanObservation,present
IYS2022-002-148,IYS2022-002-148-5A7,Phacellophora camtschatica,urn:lsid:marinespecies.org:taxname:135309,"Brandt, 1835",accepted,Species,Fried Egg Jellyfish,NA,Animalia,Cnidaria,Scyphozoa,Semaeostomeae,Phacellophoridae,Phacellophora,camtschatica,2022-03-19T00:00:00Z,Erika Anderson,HumanObservation,present
IYS2022-002-045,IYS2022-002-045-5A2,Aurelia aurita,urn:lsid:marinespecies.org:taxname:135306,"(Linnaeus, 1758)",accepted,Species,Moon Jellyfish,14,Animalia,Cnidaria,Scyphozoa,Semaeostomeae,Ulmaridae,Aurelia,aurita,2022-02-27T00:00:00Z,Tyler Zubkowski,HumanObservation,present
IYS2022-002-063,IYS2022-002-063-5A2,Aurelia aurita,urn:lsid:marinespecies.org:taxname:135306,"(Linnaeus, 1758)",accepted,Species,Moon Jellyfish,4,Animalia,Cnidaria,Scyphozoa,Semaeostomeae,Ulmaridae,Aurelia,aurita,2022-03-02T00:00:00Z,Tyler Zubkowski,HumanObservation,present
IYS2022-002-077,IYS2022-002-077-5A2,Aurelia aurita,urn:lsid:marinespecies.org:taxname:135306,"(Linnaeus, 1758)",accepted,Species,Moon Jellyfish,3,Animalia,Cnidaria,Scyphozoa,Semaeostomeae,Ulmaridae,Aurelia,aurita,2022-03-04T00:00:00Z,Tyler Zubkowski,HumanObservation,present
IYS2022-002-049,IYS2022-002-049-3X0,Ctenophora,urn:lsid:marinespecies.org:taxname:1248,"Eschscholtz, 1829",accepted,Phylum,Comb Jellyfish,4,Animalia,Ctenophora,NA,NA,NA,NA,NA,2022-02-28T00:00:00Z,Tyler Zubkowski,HumanObservation,present
IYS2022-002-050,IYS2022-002-050-3X0,Ctenophora,urn:lsid:marinespecies.org:taxname:1248,"Eschscholtz, 1829",accepted,Phylum,Comb Jellyfish,6,Animalia,Ctenophora,NA,NA,NA,NA,NA,2022-02-28T00:00:00Z,Tyler Zubkowski,HumanObservation,present
IYS2022-002-054,IYS2022-002-054-3X0,Ctenophora,urn:lsid:marinespecies.org:taxname:1248,"Eschscholtz, 1829",accepted,Phylum,Comb Jellyfish,13,Animalia,Ctenophora,NA,NA,NA,NA,NA,2022-03-01T00:00:00Z,Tyler Zubkowski,HumanObservation,present
IYS2022-002-059,IYS2022-002-059-3X0,Ctenophora,urn:lsid:marinespecies.org:taxname:1248,"Eschscholtz, 1829",accepted,Phylum,Comb Jellyfish,15,Animalia,Ctenophora,NA,NA,NA,NA,NA,2022-03-01T00:00:00Z,Tyler Zubkowski,HumanObservation,present
IYS2022-002-097,IYS2022-002-097-3X0,Ctenophora,urn:lsid:marinespecies.org:taxname:1248,"Eschscholtz, 1829",accepted,Phylum,Comb Jellyfish,10,Animalia,Ctenophora,NA,NA,NA,NA,NA,2022-03-10T00:00:00Z,Erika Anderson,HumanObservation,present
IYS2022-002-101,IYS2022-002-101-3X0,Ctenophora,urn:lsid:marinespecies.org:taxname:1248,"Eschscholtz, 1829",accepted,Phylum,Comb Jellyfish,6,Animalia,Ctenophora,NA,NA,NA,NA,NA,2022-03-10T00:00:00Z,Erika Anderson,HumanObservation,present
IYS2022-002-106,IYS2022-002-106-3X0,Ctenophora,urn:lsid:marinespecies.org:taxname:1248,"Eschscholtz, 1829",accepted,Phylum,Comb Jellyfish,4,Animalia,Ctenophora,NA,NA,NA,NA,NA,2022-03-11T00:00:00Z,Erika Anderson,HumanObservation,present
IYS2022-002-114,IYS2022-002-114-3X0,Ctenophora,urn:lsid:marinespecies.org:taxname:1248,"Eschscholtz, 1829",accepted,Phylum,Comb Jellyfish,1,Animalia,Ctenophora,NA,NA,NA,NA,NA,2022-03-12T00:00:00Z,Erika Anderson,HumanObservation,present
IYS2022-002-118,IYS2022-002-118-3X0,Ctenophora,urn:lsid:marinespecies.org:taxname:1248,"Eschscholtz, 1829",accepted,Phylum,Comb Jellyfish,2,Animalia,Ctenophora,NA,NA,NA,NA,NA,2022-03-12T00:00:00Z,Erika Anderson,HumanObservation,present
IYS2022-002-148,IYS2022-002-148-3X0,Ctenophora,urn:lsid:marinespecies.org:taxname:1248,"Eschscholtz, 1829",accepted,Phylum,Comb Jellyfish,13,Animalia,Ctenophora,NA,NA,NA,NA,NA,2022-03-19T00:00:00Z,Erika Anderson,HumanObservation,present
IYS2022-002-059,IYS2022-002-059-154,Lipolagus ochotensis,urn:lsid:marinespecies.org:taxname:281374,"(Schmidt, 1938)",accepted,Species,Popeye Blacksmelt,26,Animalia,Chordata,Actinopteri,Argentiniformes,Bathylagidae,Lipolagus,ochotensis,2022-03-01T00:00:00Z,Tyler Zubkowski,HumanObservation,present
IYS2022-002-085,IYS2022-002-085-386,Icosteus aenigmaticus,urn:lsid:marinespecies.org:taxname:281153,"Lockington, 1880",accepted,Species,Ragfish,1,Animalia,Chordata,Actinopteri,Scombriformes,Icosteidae,Icosteus,aenigmaticus,2022-03-05T00:00:00Z,Tyler Zubkowski,HumanObservation,present
IYS2022-002-085,IYS2022-002-085-202,Tarletonbeania crenularis,urn:lsid:marinespecies.org:taxname:282927,"(Jordan & Gilbert, 1880)",accepted,Species,Blue Lanternfish,24,Animalia,Chordata,Actinopteri,Myctophiformes,Myctophidae,Tarletonbeania,crenularis,2022-03-05T00:00:00Z,Tyler Zubkowski,HumanObservation,present
IYS2022-002-093,IYS2022-002-093-202,Tarletonbeania crenularis,urn:lsid:marinespecies.org:taxname:282927,"(Jordan & Gilbert, 1880)",accepted,Species,Blue Lanternfish,1000,Animalia,Chordata,Actinopteri,Myctophiformes,Myctophidae,Tarletonbeania,crenularis,2022-03-06T00:00:00Z,Tyler Zubkowski,HumanObservation,present
IYS2022-002-097,IYS2022-002-097-202,Tarletonbeania crenularis,urn:lsid:marinespecies.org:taxname:282927,"(Jordan & Gilbert, 1880)",accepted,Species,Blue Lanternfish,1665,Animalia,Chordata,Actinopteri,Myctophiformes,Myctophidae,Tarletonbeania,crenularis,2022-03-10T00:00:00Z,Erika Anderson,HumanObservation,present
IYS2022-002-106,IYS2022-002-106-202,Tarletonbeania crenularis,urn:lsid:marinespecies.org:taxname:282927,"(Jordan & Gilbert, 1880)",accepted,Species,Blue Lanternfish,96,Animalia,Chordata,Actinopteri,Myctophiformes,Myctophidae,Tarletonbeania,crenularis,2022-03-11T00:00:00Z,Erika Anderson,HumanObservation,present
IYS2022-002-097,IYS2022-002-097-92D,Doryteuthis opalescens,urn:lsid:marinespecies.org:taxname:574540,"(Berry, 1911)",accepted,Species,Opalescent Inshore Squid,20,Animalia,Mollusca,Cephalopoda,Myopsida,Loliginidae,Doryteuthis,opalescens,2022-03-10T00:00:00Z,Erika Anderson,HumanObservation,present
IYS2022-002-106,IYS2022-002-106-176,Anotopteridae,urn:lsid:marinespecies.org:taxname:125440,"Zugmayer, 1911",accepted,Family,Daggertooths,1,Animalia,Chordata,Actinopteri,Aulopiformes,Anotopteridae,NA,NA,2022-03-11T00:00:00Z,Erika Anderson,HumanObservation,present
IYS2022-002-110,IYS2022-002-110-176,Anotopteridae,urn:lsid:marinespecies.org:taxname:125440,"Zugmayer, 1911",accepted,Family,Daggertooths,1,Animalia,Chordata,Actinopteri,Aulopiformes,Anotopteridae,NA,NA,2022-03-11T00:00:00Z,Erika Anderson,HumanObservation,present
IYS2022-002-139,IYS2022-002-139-176,Anotopteridae,urn:lsid:marinespecies.org:taxname:125440,"Zugmayer, 1911",accepted,Family,Daggertooths,1,Animalia,Chordata,Actinopteri,Aulopiformes,Anotopteridae,NA,NA,2022-03-15T00:00:00Z,Erika Anderson,HumanObservation,present
IYS2022-002-106,IYS2022-002-106-189,Diaphus theta,urn:lsid:marinespecies.org:taxname:272694,"Eigenmann & Eigenmann, 1890",accepted,Species,California Headlightfish,28,Animalia,Chordata,Actinopteri,Myctophiformes,Myctophidae,Diaphus,theta,2022-03-11T00:00:00Z,Erika Anderson,HumanObservation,present
IYS2022-002-106,IYS2022-002-106-92A,Teuthida,urn:lsid:marinespecies.org:taxname:11716,"Naef, 1916",nomen dubium,Order,Squid,NA,Animalia,Mollusca,Cephalopoda,Teuthida,NA,NA,NA,2022-03-11T00:00:00Z,Erika Anderson,HumanObservation,present
IYS2022-002-110,IYS2022-002-110-276,Gasterosteus aculeatus,urn:lsid:marinespecies.org:taxname:126505,"Linnaeus, 1758",accepted,Species,Threespine Stickleback,330,Animalia,Chordata,Actinopteri,Perciformes,Gasterosteidae,Gasterosteus,aculeatus,2022-03-11T00:00:00Z,Erika Anderson,HumanObservation,present
IYS2022-002-114,IYS2022-002-114-276,Gasterosteus aculeatus,urn:lsid:marinespecies.org:taxname:126505,"Linnaeus, 1758",accepted,Species,Threespine Stickleback,306,Animalia,Chordata,Actinopteri,Perciformes,Gasterosteidae,Gasterosteus,aculeatus,2022-03-12T00:00:00Z,Erika Anderson,HumanObservation,present
IYS2022-002-118,IYS2022-002-118-276,Gasterosteus aculeatus,urn:lsid:marinespecies.org:taxname:126505,"Linnaeus, 1758",accepted,Species,Threespine Stickleback,5,Animalia,Chordata,Actinopteri,Perciformes,Gasterosteidae,Gasterosteus,aculeatus,2022-03-12T00:00:00Z,Erika Anderson,HumanObservation,present
IYS2022-002-125,IYS2022-002-125-276,Gasterosteus aculeatus,urn:lsid:marinespecies.org:taxname:126505,"Linnaeus, 1758",accepted,Species,Threespine Stickleback,24,Animalia,Chordata,Actinopteri,Perciformes,Gasterosteidae,Gasterosteus,aculeatus,2022-03-14T00:00:00Z,Erika Anderson,HumanObservation,present
IYS2022-002-127,IYS2022-002-127-276,Gasterosteus aculeatus,urn:lsid:marinespecies.org:taxname:126505,"Linnaeus, 1758",accepted,Species,Threespine Stickleback,2633,Animalia,Chordata,Actinopteri,Perciformes,Gasterosteidae,Gasterosteus,aculeatus,2022-03-14T00:00:00Z,Erika Anderson,HumanObservation,present
IYS2022-002-114,IYS2022-002-114-3HC,Calycopsis,urn:lsid:marinespecies.org:taxname:117028,"Fewkes, 1882",accepted,Genus,Calycopsis,3,Animalia,Cnidaria,Hydrozoa,Anthoathecata,Bythotiaridae,Calycopsis,NA,2022-03-12T00:00:00Z,Erika Anderson,HumanObservation,present
IYS2022-002-118,IYS2022-002-118-3HC,Calycopsis,urn:lsid:marinespecies.org:taxname:117028,"Fewkes, 1882",accepted,Genus,Calycopsis,1,Animalia,Cnidaria,Hydrozoa,Anthoathecata,Bythotiaridae,Calycopsis,NA,2022-03-12T00:00:00Z,Erika Anderson,HumanObservation,present
IYS2022-002-127,IYS2022-002-127-3HC,Calycopsis,urn:lsid:marinespecies.org:taxname:117028,"Fewkes, 1882",accepted,Genus,Calycopsis,2,Animalia,Cnidaria,Hydrozoa,Anthoathecata,Bythotiaridae,Calycopsis,NA,2022-03-14T00:00:00Z,Erika Anderson,HumanObservation,present
IYS2022-002-114,IYS2022-002-114-015,Pisces,urn:lsid:marinespecies.org:taxname:11676,NA,unaccepted,Superclass,Unknown Fish,6,Animalia,Chordata,NA,NA,NA,NA,NA,2022-03-12T00:00:00Z,Erika Anderson,HumanObservation,present
IYS2022-002-127,IYS2022-002-127-015,Pisces,urn:lsid:marinespecies.org:taxname:11676,NA,unaccepted,Superclass,Unknown Fish,1,Animalia,Chordata,NA,NA,NA,NA,NA,2022-03-14T00:00:00Z,Erika Anderson,HumanObservation,present
IYS2022-002-139,IYS2022-002-139-OAA,Amphipoda,urn:lsid:marinespecies.org:taxname:1135,"Latreille, 1816",accepted,Order,Amphipods,4,Animalia,Arthropoda,Malacostraca,Amphipoda,NA,NA,NA,2022-03-15T00:00:00Z,Erika Anderson,HumanObservation,present
